-- phpMyAdmin SQL Dump
-- version 3.5.4
-- http://www.phpmyadmin.net
--
-- 主机: z007.7pk.cn:13360
-- 生成日期: 2014 年 01 月 30 日 01:11
-- 服务器版本: 5.5.28-log
-- PHP 版本: 5.4.11

SET SQL_MODE="NO_AUTO_VALUE_ON_ZERO";
SET time_zone = "+00:00";

--
-- 数据库: `gc_jjxy_core`
--

--
-- 转存表中的数据 `xyapi_app_manage`
--

INSERT INTO `xyapi_app_manage` (`id`, `cid`, `title`, `content`, `time_show`, `time_add`, `ip`, `master_id`, `master_name`) VALUES
(1, 0, '系统维护', '<span style="white-space:nowrap;">系统维护，请稍后再试</span>', 1386172800, 1386208969, '14.145.233.6', 1, '一平10');

--
-- 转存表中的数据 `xyapi_app_update`
--

INSERT INTO `xyapi_app_update` (`id`, `cid`, `title`, `content`, `time_show`, `time_add`, `ip`, `master_id`, `master_name`) VALUES
(7, 0, '拳皇咆哮V1.5内测版公告', '<p>\r\n    本次删档测试已经结束，在这段时间里我们收到数万玩家许多的帮助与支持！\r\n</p>\r\n<p>\r\n   为了让大家更好得进行游戏，拳皇咆哮V1.5不删档内测版隆重登场！<br />\r\n精彩内测活动助你成为格斗之王！\r\n</p>\r\n<p>\r\n    <span style="color:#E56600;font-size:14px;">1、新手卡活动</span><br />\r\n进群即送新手卡，联系群里管理员，游戏中在精彩活动的新手卡处输入正确卡号即可领取。官方2000人QQ群：103616705\r\n</p>\r\n<p>\r\n <span style="color:#E56600;font-size:14px;">2、累计充值活动</span><br />\r\n累计充值：150钻石&nbsp;可获得1级宝石礼包<br />\r\n累计充值：350钻石&nbsp;可获得2级宝石礼包<br />\r\n累计充值：650钻石&nbsp;可获得3级宝石礼包<br />\r\n累计充值：1000钻石&nbsp;可获得金色武器,100W美刀,50体力<br />\r\n累计充值：1550钻石&nbsp;可获得金色戒指,魔石礼包*3<br />\r\n累计充值：2150钻石&nbsp;可获得金色项链,珍宝卷轴一<br />\r\n累计充值：5000钻石&nbsp;可获得金色鞋子,100W美刀<br />\r\n累计充值：8000钻石&nbsp;可获得5W声望,100W伙伴经验<br />\r\n累计充值：16000钻石&nbsp;可获得80W潜能,200W美刀<br />\r\n累计充值：25000钻石&nbsp;可获得5000W美刀<br />\r\n累计充值：35000钻石&nbsp;可获得橙色斗气：真•命脉，真•睿智<br />\r\n累计充值：50000钻石&nbsp;可获得橙色伙伴-克里丝<br />\r\n<span style="color:#E56600;font-size:14px;">3、等级活动 </span><br />\r\n玩家升到30，40，50级，可获得丰富奖励！ <br />\r\n<span style="color:#E56600;font-size:14px;">4、精英挑战 </span><br />\r\n20级以上玩家，击杀指定精英BOSS，丰富宝石等你拿！ <br />\r\n<span style="color:#E56600;font-size:14px;">5、魔王降临 </span><br />\r\n30级以上的玩家，面临最凶猛的挑战，击杀指定魔王，附魔石助你提升属性！ <br />\r\n<span style="color:#E56600;font-size:14px;">6、斗气-超级命脉 </span><br />\r\n完成21级主线任务，即开启斗气功能，领悟斗气，快速提升属性！而且领悟到 “超级命脉” 可获得丰富奖励一份！<br />\r\n<span style="color:#E56600;font-size:14px;">7、收集珍宝活动</span><br />\r\n完成30级主线任务，即开启珍宝功能。收集材料，快速提升属性！ 收集第一层8个珍宝，即可获得丰富奖励一份！\r\n</p>', 1385481600, 1385621758, '14.145.238.115', 5, '罗镜新'),
(8, 0, '拳皇咆哮V1.6更新公告', '<p>\r\n <span style="color:#E53333;font-size:24px;line-height:1.5;">郑重提示</span> \r\n</p>\r\n<p>\r\n <span style="color:#000000;font-size:24px;line-height:1.5;"><span style="font-size:14px;">请</span><span style="color:#E53333;font-size:14px;">游戏加载条消失后</span><span style="font-size:14px;">仍然</span><span style="color:#E53333;font-size:16px;"><span style="font-size:14px;">不能进入游</span><span style="font-size:14px;"></span><span style="font-size:14px;">戏</span></span><span style="font-size:14px;">的玩家清理一下</span><span style="color:#E53333;font-size:14px;">手机内存</span><span style="font-size:14px;">（注意是</span><span style="color:#E53333;font-size:14px;">存储空间</span><span style="font-size:14px;">），</span><span style="color:#E53333;font-size:14px;">保留</span><span style="color:#E53333;font-size:14px;">150M</span><span style="font-size:14px;">左右的空间再重新安装游戏，否则</span><span style="color:#E53333;font-size:14px;">不能进入游戏</span><span style="font-size:14px;">！！！！</span></span> \r\n</p>\r\n<p>\r\n <span style="color:#E56600;font-size:14px;line-height:1.5;"><br />\r\n</span> \r\n</p>\r\n<p>\r\n   <span style="color:#E56600;font-size:14px;line-height:1.5;">活动，新功能</span> \r\n</p>\r\n<p>\r\n   <span style="color:#E56600;"></span>1、&nbsp;开放组队功能，精英副本和魔王副本可以组队挑战<br />\r\n2、&nbsp;开放邀请PK功能，点击玩家名片即可邀请对方PK\r\n</p>\r\n<p>\r\n  <span style="color:#E56600;font-size:14px;">场景，副本</span><br />\r\n1、&nbsp;调整副本数值，副本评分<br />\r\n2、&nbsp;击杀精英BOSS任务增加经验和美刀奖励\r\n</p>\r\n<p>\r\n   <span style="color:#E56600;font-size:14px;">职业，属性</span><br />\r\n1、提升伙伴初始气血属性\r\n</p>\r\n<p>\r\n   <span style="color:#E56600;font-size:14px;">体现，BUG</span><br />\r\n1、&nbsp;连击规则修改，战斗中连击更爽快<br />\r\n2、&nbsp;挂机取消冷却时间，所有玩家普通副本挂机都立即完成<br />\r\n3、&nbsp;普通玩家挂机任何副本获得A级奖励，VIP玩家挂机可获得S级奖励<br />\r\n4、&nbsp;调整竞技场开放条件为完成12级主线任务<br />\r\n5、&nbsp;增加竞技场每次战斗后的美刀奖励<br />\r\n6、&nbsp;物品可以一次性出售<br />\r\n7、&nbsp;调整魔王副本开启等级为25级<br />\r\n8、&nbsp;12点，18点体力BUFF修改为主动领取获得<br />\r\n9、&nbsp;活跃度奖励增加，部分系统活跃值提高<br />\r\n10、&nbsp;增加一键强化功能（增加提示），在美刀足够的情况下，可强化至当前最高等级<br />\r\n11、&nbsp;优化材料附魔功能<br />\r\n12、&nbsp;日常任务增加连击模式，加入一键完成日常任务功能，VIP4开启<br />\r\n13、&nbsp;斗气神级领悟修改为VIP3开启，有较高机率获得金色斗气和橙色斗气<br />\r\n14、&nbsp;修复珍宝商店到点不会刷新BUG<br />\r\n15、&nbsp;修复精彩活动不可领取精英卢卡尔奖励BUG<br />\r\n16、&nbsp;修复社团成员列表为空BUG<br />\r\n17、&nbsp;修复日常任务不能进行BUG<br />\r\n18、&nbsp;修复世界BOSS计算伤害错误BUG\r\n</p>', 1386345600, 1386865438, '61.144.109.38', 6, '桂荣亮');

--
-- 转存表中的数据 `xyapi_coop`
--

INSERT INTO `xyapi_coop` (`cid`, `cname`, `ckey`, `ckey_lock`, `domain`, `fcm`, `cf_gname`, `cf_cs_tel`, `cf_cs_email`, `cf_url_site`, `cf_url_upgrade`, `cf_url_login`, `cf_url_bbs`, `cf_url_pay`, `cf_url_help`, `cf_url_fcm`, `cf_fav_url`, `cf_fav_title`, `time_add`) VALUES
(103, 'PP助手', 'fc9789fbf6c9bc21896838c9e6dfc556', 'false', '', 0, '', '', '', '', '', '', '', '', '', '', '', '', 1381755357),
(203, '小米', 'd7e78887cd5c6e9c523948cba7cfa765', 'false', '', 0, '', '', '', '', '', '', '', '', '', '', '', '', 1382944362),
(217, '研发内部', '458f62446357f7787d22dfaf870dec1e', 'false', '', 0, '', '', '', '', '', '', '', '', '', '', '', '', 1377827690),
(303, '百度', 'be525be70e795f63904bf4d3cf55f098', 'false', '', 0, '', '', '', '', '', '', '', '', '', '', '', '', 1385538766),
(360, '360助手', '888ebb1b1af19eacaeb5d5017b87e769', 'false', '', 0, '', '', '', '', '', '', '', '', '', '', '', '', 1385538819),
(403, '91助手', '6bb3930b8a0a59b219058444b7bd768f', 'false', '', 0, '', '', '', '', '', '', '', '', '', '', '', '', 1385538786),
(503, 'OPPO', 'bd99048641a8292651e22bfc8f0dcb07', 'false', '', 0, '', '', '', '', '', '', '', '', '', '', '', '', 1385538843),
(553, '553平台', '4b2784ed291cdb3bd28af21f7c64fbc4', 'false', '', 0, '', '', '', '', '', '', '', '', '', '', '', '', 1377828068),
(603, 'UC', '10498844eff809284cf8928bbd6ef508', 'false', '', 0, '', '', '', '', '', '', '', '', '', '', '', '', 1385538856),
(703, '豌豆荚', 'a487b0c69e535a4c56c30c24999e743b', 'false', '', 0, '', '', '', '', '', '', '', '', '', '', '', '', 1385545860),
(888, 'AppleApp', 'adcce67aaf39c160d16aa6bb7a980375', 'false', '', 0, '', '', '', '', '', '', '', '', '', '', '', '', 1385383698);

--
-- 转存表中的数据 `xyapi_coop_area`
--

INSERT INTO `xyapi_coop_area` (`id`, `cid`, `area_id`, `area_name`, `stat`) VALUES
(1, 217, 1, '测试', 0),
(2, 553, 1, '测试', 0),
(3, 103, 1, '测试', 0),
(4, 203, 1, '测试', 0),
(5, 888, 1, '测试', 0),
(6, 703, 1, '公测', 0),
(7, 303, 1, '公测', 0),
(8, 403, 1, '公测', 0),
(9, 503, 1, '公测', 0),
(10, 360, 1, '公测', 0),
(11, 603, 1, '公测', 0);

--
-- 转存表中的数据 `xyapi_idc_fun`
--

INSERT INTO `xyapi_idc_fun` (`fun_id`, `host_id`, `type`, `fun_name`, `exts`) VALUES
(1, 2, 7, 'ML[z001]', 'a:3:{s:4:"user";s:15:"gc_jjxy_v1_logs";s:6:"passwd";s:15:"7AVfjDjxqF65H7G";s:4:"port";s:5:"13370";}'),
(2, 1, 2, 'MS[z007][G]', 'a:3:{s:4:"user";s:15:"gc_jjxy_v1_serv";s:6:"passwd";s:16:"zXh67AVGmjpQssqF";s:4:"port";s:5:"13360";}'),
(3, 1, 2, 'MS[z007][S]', 'a:3:{s:4:"user";s:16:"gc_jjxy_v1_super";s:6:"passwd";s:14:"CinHoZ4HxGmjGh";s:4:"port";s:5:"13360";}'),
(4, 1, 1, '逻辑[z007]', ''),
(5, 1, 4, '静态资源', ''),
(6, 1, 5, 'Web(PHP)', ''),
(7, 3, 1, '逻辑[z005]', ''),
(8, 3, 2, 'MS[z005][G]', 'a:3:{s:4:"user";s:15:"gc_jjxy_v1_serv";s:6:"passwd";s:16:"zXh67AVGmjpQssqF";s:4:"port";s:5:"13360";}');

--
-- 转存表中的数据 `xyapi_idc_home`
--

INSERT INTO `xyapi_idc_home` (`home_id`, `home_key`, `home_name`) VALUES
(1, 'tc_gd_kzkj', 'GD电信_睿江科技');

--
-- 转存表中的数据 `xyapi_idc_hosts`
--

INSERT INTO `xyapi_idc_hosts` (`host_id`, `host_name`, `home_id`, `ct_ip`, `cu_ip`, `cm_ip`, `side_ip`, `default_ip`, `state`, `domains`) VALUES
(1, '街机中心z007', 1, '183.61.84.222', '120.31.55.222', '183.61.84.222', '183.61.84.222', 'ct_ip', 3, 'z007.7pk.cn,\njj.7pk.cn,\njjapi.7pk.cn'),
(2, '日志z001', 1, '113.107.202.151', '122.13.177.151', '113.107.202.151', '113.107.202.151', 'ct_ip', 3, 'z001.7pk.cn'),
(3, '逻辑z005', 1, '183.61.84.166', '120.31.55.166', '183.61.84.166', '183.61.84.166', 'ct_ip', 3, 'z005.7pk.cn');

--
-- 转存表中的数据 `xyapi_serv`
--

INSERT INTO `xyapi_serv` (`sid`, `state`, `state_last`, `port`, `node`, `super_id`, `business`, `level_max`, `merge_target`, `ver_id`, `host_id_web`, `host_id_game`, `host_id_mongo`, `host_id_mysql`, `host_id_res`, `host_id_logs`, `serv_name`, `work_day`) VALUES
(301, 3, 0, 8301, '', 0, 1, 70, 0, 5, 6, 4, 0, 2, 5, 1, '删档测试', '2013-08-30'),
(302, 3, 0, 8302, '', 0, 1, 70, 0, 5, 6, 4, 0, 2, 5, 1, '1服', '2013-11-27'),
(303, 3, 0, 8303, '', 0, 1, 70, 0, 5, 6, 4, 0, 2, 5, 1, '2服', '2013-12-07'),
(304, 3, 0, 8304, '', 0, 0, 70, 0, 5, 6, 4, 0, 2, 5, 1, '3服', '2013-12-11'),
(305, 3, 0, 8305, '', 0, 0, 70, 0, 5, 6, 7, 0, 8, 5, 1, '4服', '2013-12-14'),
(40001, 3, 0, 8444, '', 0, 1, 70, 0, 2, 6, 4, 0, 2, 5, 1, '内部测试', '2013-11-26');

--
-- 转存表中的数据 `xyapi_serv_coop`
--

INSERT INTO `xyapi_serv_coop` (`id`, `cid`, `sid`, `csid`, `is_new`, `is_recommend`, `area_id`, `serv_name`, `work_day`, `open_time`, `show_time`, `para`, `domains`) VALUES
(1, 553, 40001, 1, 0, 0, 1, '内部测试(553)', '2015-08-04', 1438642800, 1439420400, '', 's{sid}.jj.gamecore.cn'),
(2, 217, 302, 101, 0, 0, 1, '1服(研发)', '2013-08-30', 1377817200, 1377817200, '', 's{sid}.jj.gamecore.cn'),
(3, 103, 301, 100, 0, 0, 1, '删档测试一区', '2013-12-31', 1388444400, 1388444400, '', 's{sid}.jj.gamecore.cn'),
(5, 103, 40001, 1, 0, 0, 1, 'v1.6(随时关服别进)', '2014-12-17', 1418752800, 1418770800, '', 's{sid}.jj.gamecore.cn'),
(6, 553, 302, 101, 0, 0, 1, '1服(553)', '2013-11-27', 1385481600, 1385481600, '', 's{sid}.jj.gamecore.cn'),
(7, 203, 40001, 1, 0, 0, 1, '内部测试(小米)', '2015-11-12', 1447282800, 1447801200, '', 's{sid}.jj.gamecore.cn'),
(8, 217, 40001, 1, 0, 0, 1, '内部测试(研发)', '2013-11-07', 1383778800, 1383692400, '', 's{sid}.jj.gamecore.cn'),
(9, 103, 302, 101, 0, 0, 1, '1服(PP)', '2013-11-27', 1385516700, 1385516700, '', 's{sid}.jj.gamecore.cn'),
(10, 888, 40001, 1, 0, 0, 1, 'APP 1区', '2013-12-02', 1385938800, 1385938800, '', 's{sid}.jj.gamecore.cn'),
(11, 703, 40001, 1, 0, 0, 1, '内部测试(豌豆夹)', '2015-12-09', 1449615600, 1449615600, '', 's{sid}.jj.gamecore.cn'),
(12, 103, 303, 102, 0, 0, 1, '2服(PP)', '2013-12-07', 1386399600, 1386399600, '', 's{sid}.jj.gamecore.cn'),
(13, 217, 303, 102, 0, 0, 1, '2服(研发)', '2013-12-07', 1386399600, 1386399600, '', 's{sid}.jj.gamecore.cn'),
(14, 303, 40001, 1, 0, 0, 1, '内部测试(多酷)', '2016-12-01', 1480546800, 1480546800, '', 's{sid}.jj.gamecore.cn'),
(15, 403, 40001, 1, 0, 0, 1, '内部测试(91助手)', '2015-12-08', 1449529200, 1449529200, '', 's{sid}.jj.gamecore.cn'),
(16, 503, 40001, 1, 0, 0, 1, '内部测试(OPPO)', '2016-12-08', 1481151600, 1481065200, '', 's{sid}.jj.gamecore.cn'),
(17, 360, 40001, 1, 0, 0, 1, '内部测试(360)', '2016-12-01', 1480546800, 1480546800, '', 's{sid}.jj.gamecore.cn'),
(18, 603, 40001, 1, 0, 0, 1, '内部测试(九游)', '2016-12-22', 1482361200, 1482361200, '', 's{sid}.jj.gamecore.cn'),
(22, 603, 304, 101, 0, 0, 1, '1区(九游)', '2013-12-12', 1386817200, 1386817200, '', 's{sid}.jj.gamecore.cn'),
(24, 103, 304, 103, 0, 0, 1, '3服(PP)', '2013-12-12', 1386820800, 1386820800, '', 's{sid}.jj.gamecore.cn'),
(26, 203, 304, 101, 0, 0, 1, '1服(小米)', '2013-12-12', 1386820800, 1386820800, '', 's{sid}.jj.gamecore.cn'),
(27, 217, 304, 103, 0, 0, 1, '3服(研发)', '2013-12-11', 1386716400, 1386716400, '', 's{sid}.jj.gamecore.cn'),
(28, 303, 304, 101, 0, 0, 1, '1服(多酷)', '2013-12-12', 1386820800, 1386820800, '', 's{sid}.jj.gamecore.cn'),
(29, 360, 304, 101, 0, 0, 1, '1服(360)', '2013-12-12', 1386820800, 1386820800, '', 's{sid}.jj.gamecore.cn'),
(30, 403, 304, 101, 0, 0, 1, '1服(91助手)', '2013-12-12', 1386820800, 1386820800, '', 's{sid}.jj.gamecore.cn'),
(31, 503, 304, 101, 0, 0, 1, '1服(OPPO)', '2013-12-12', 1386820800, 1386820800, '', 's{sid}.jj.gamecore.cn'),
(32, 553, 303, 102, 0, 0, 1, '2服(553)', '2013-12-11', 1386716400, 1386716400, '', 's{sid}.jj.gamecore.cn'),
(33, 553, 304, 103, 0, 0, 1, '3服(553)', '2013-12-12', 1386817200, 1386817200, '', 's{sid}.jj.gamecore.cn'),
(34, 703, 304, 101, 0, 0, 1, '1服(豌豆荚)', '2013-12-12', 1386820800, 1386820800, '', 's{sid}.jj.gamecore.cn'),
(35, 603, 305, 102, 0, 1, 1, '2区(九游)', '2013-12-14', 1387029600, 1387029600, '', 's{sid}.jj.gamecore.cn'),
(36, 103, 305, 104, 0, 1, 1, '4服(PP)', '2013-12-14', 1387029600, 1387029600, '', 's{sid}.jj.gamecore.cn'),
(37, 203, 305, 102, 0, 1, 1, '2服(小米)', '2013-12-14', 1387029600, 1387029600, '', 's{sid}.jj.gamecore.cn'),
(38, 217, 305, 104, 0, 1, 1, '4服(研发)', '2013-12-14', 1386975600, 1386975600, '', 's{sid}.jj.gamecore.cn'),
(39, 303, 305, 102, 0, 1, 1, '2服(多酷)', '2013-12-14', 1387029600, 1387029600, '', 's{sid}.jj.gamecore.cn'),
(40, 360, 305, 102, 0, 1, 1, '2服(360)', '2013-12-14', 1387029600, 1387029600, '', 's{sid}.jj.gamecore.cn'),
(41, 403, 305, 102, 0, 1, 1, '2服(91助手)', '2013-12-14', 1387029600, 1387029600, '', 's{sid}.jj.gamecore.cn'),
(42, 503, 305, 102, 0, 1, 1, '2服(OPPO)', '2013-12-14', 1387029600, 1387029600, '', 's{sid}.jj.gamecore.cn'),
(43, 553, 305, 104, 0, 1, 1, '4服(553)', '2013-12-14', 1387029600, 1387029600, '', 's{sid}.jj.gamecore.cn'),
(44, 703, 305, 102, 0, 1, 1, '2服(豌豆荚)', '2013-12-14', 1387029600, 1387029600, '', 's{sid}.jj.gamecore.cn');

--
-- 转存表中的数据 `xyapi_serv_ver`
--

INSERT INTO `xyapi_serv_ver` (`ver_id`, `ver_name`, `level_max`, `default`, `ver_serv`, `ver_ios_new`, `ver_ios_must`, `ver_ios_res`, `ver_android_new`, `ver_android_must`, `ver_android_res`, `ver_web_res_sub`, `ver_web_res`, `ver_web_swf`, `ver_web_ui`, `ver_web_data`, `cdn_phone_package`, `cdn_phone_package_big`, `cdn_web_res`, `cdn_web_swf`, `cdn_web_ui_img`, `cdn_web_ui_swf`, `cdn_web_data`) VALUES
(1, '外测[v301]', 60, 0, 301, '1.0000', '1.0000', 1, '1.0000', '1.0000', 1, 1, 1, 1, 1, 1, 0, 0, 0, 0, 0, 0, 0),
(2, '测试[v40001]', 70, 0, 40001, '1.3000', '1.3000', 1, '1.3000', '1.3000', 1, 1, 1, 1, 1, 1, 0, 0, 0, 0, 0, 0, 0),
(3, '收费[v302]', 60, 0, 302, '1.5000', '1.5000', 1, '1.5000', '1.5000', 1, 1, 1, 1, 1, 1, 0, 0, 0, 0, 0, 0, 0),
(4, '收费[v303]', 70, 0, 303, '1.2000', '1.2000', 1, '1.2000', '1.2000', 1, 1, 1, 1, 1, 1, 0, 0, 0, 0, 0, 0, 0),
(5, '收费[v304]', 70, 1, 304, '1.2000', '1.2000', 1, '1.2000', '1.2000', 1, 1, 1, 1, 1, 1, 0, 0, 0, 0, 0, 0, 0);

--
-- 转存表中的数据 `xyapi_super`
--

INSERT INTO `xyapi_super` (`super_id`, `state`, `state_last`, `node`, `business`, `super_ver_id`, `host_id_game`, `host_id_mysql`, `serv_name`, `work_day`) VALUES
(301, 3, 0, '', 0, 301, 4, 3, '超级服', '2013-08-30');

--
-- 转存表中的数据 `xyapi_sys_cp`
--

INSERT INTO `xyapi_sys_cp` (`id`, `type`, `cid`, `account`, `password`, `login_times`, `login_last`, `note`) VALUES
(10, 10, 0, '桂荣亮2', '496a263083421058e00a3bc15827b61a', 80, 1391008997, '阿贵');
